D1_germ_J1,D2_germ_J2,__,__,g1g1_,GL_GL,1
D1_germ_J1,D1_x_J1,D2_germ_J2,__,d1g1_,DJ_GL,2
D1_germ_J1,D2_germ_J2,D2_x_J2,__,d2g1_,DJ_GL,2
D1_germ_J1,D1_x_J2,D2_germ_J2,__,d4g1_,DJ_GL,2
D1_germ_J1,D2_germ_J2,D2_x_J1,__,d5g1_,DJ_GL,2
D1_x_J1,D1_x_J1,D2_germ_J2,__,d1d1_,DJ_DJ,3
D1_x_J1,D1_x_J1,D2_germ_J2,D2_x_J2,d1d3_d3d1_,DJ_DJ,3
D1_x_J1,D1_x_J2,D2_germ_J2,__,d1d4_d4d1_,DJ_DJ,3
D1_x_J1,D2_germ_J2,D2_x_J1,__,d1d5_d5d1_,DJ_DJ,3
D1_germ_J1,D2_x_J2,D2_x_J2,__,d2d2_,DJ_DJ,3
D1_germ_J1,D1_x_J1,D2_x_J2,D2_x_J2,d2d3_d3d2_,DJ_DJ,3
D1_germ_J1,D1_x_J2,D2_x_J2,__,d2d4_d4d2_,DJ_DJ,3
D1_germ_J1,D2_x_J1,D2_x_J2,__,d2d5_d5d2_,DJ_DJ,3
D1_x_J1,D1_x_J1,D2_x_J2,D2_x_J2,d3d3_,DJ_DJ,3
D1_x_J1,D1_x_J2,D2_x_J2,__,d3d4_d4d3_,DJ_DJ,3
D1_x_J1,D2_x_J1,D2_x_J2,__,d3d5_d5d3_,DJ_DJ,3
D1_germ_J1,D1_x_J1,D2_germ_J2,D2_x_J2,d3g1_d1d2_d2d1_,DJ_DJ,3
D1_x_J2,D1_x_J2,__,__,d4d4_,DJ_DJ,3
D1_x_J2,D2_x_J1,__,__,d4d5_d5d4_,DJ_DJ,3
D2_x_J1,D2_x_J1,__,__,d5d5_,DJ_DJ,3
D1_germ_J1,D2_germ_J2,uV_x_J2,__,u1g1_,uVDJ_GL,4
D1_germ_J1,D2_germ_J2,uV_x_J1,__,u2g1_,uVDJ_GL,4
D1_germ_J1,D2_germ_J2,uV31_x_J1,__,u4g1_,uVDJ_GL,4
D1_germ_J1,D2_germ_J2,uV31_x_J2,__,u5g1_u6g1_,uVDJ_GL,4
D1_germ_J1,D2_germ_J2,pV_x_J2,__,p1g1_,pVDJ_GL,5
D1_germ_J1,D2_germ_J2,pV_x_J1,__,p2g1_,pVDJ_GL,5
D1_germ_J1,D2_germ_J2,pV31_x_J1,__,p4g1_,pVDJ_GL,5
D1_germ_J1,D2_germ_J2,pV31_x_J2,__,p5g1_p6g1_,pVDJ_GL,5
D1_x_J1,D2_germ_J2,uV_x_J2,__,u1d1_,uVDJ_DJ,6
D1_germ_J1,D2_x_J2,uV_x_J2,__,u1d2_,uVDJ_DJ,6
D1_x_J1,D2_x_J2,uV_x_J2,__,u1d3_,uVDJ_DJ,6
D1_x_J2,uV_x_J2,__,__,u1d4_,uVDJ_DJ,6
D2_x_J1,uV_x_J2,__,__,u1d5_,uVDJ_DJ,6
D1_x_J1,D2_germ_J2,uV_x_J1,__,u2d1_,uVDJ_DJ,6
D1_x_J1,D2_germ_J2,D2_x_J2,uV_x_J1,u2d3_u3d1_,uVDJ_DJ,6
D1_x_J2,D2_germ_J2,uV_x_J1,__,u2d4_,uVDJ_DJ,6
D2_germ_J2,D2_x_J1,uV_x_J1,__,u2d5_,uVDJ_DJ,6
D1_germ_J1,D2_x_J2,D2_x_J2,uV_x_J1,u3d2_,uVDJ_DJ,6
D1_x_J1,D2_x_J2,D2_x_J2,uV_x_J1,u3d3_,uVDJ_DJ,6
D1_x_J2,D2_x_J2,uV_x_J1,__,u3d4_,uVDJ_DJ,6
D2_x_J1,D2_x_J2,uV_x_J1,__,u3d5_,uVDJ_DJ,6
D1_x_J1,D2_germ_J2,uV31_x_J1,__,u4d1_,uVDJ_DJ,6
D1_germ_J1,D2_x_J2,uV31_x_J1,__,u4d2_,uVDJ_DJ,6
D1_x_J1,D2_x_J2,uV31_x_J1,__,u4d3_,uVDJ_DJ,6
D1_x_J2,uV31_x_J1,__,__,u4d4_,uVDJ_DJ,6
D2_x_J1,uV31_x_J1,__,__,u4d5_,uVDJ_DJ,6
D1_x_J1,D2_germ_J2,uV31_x_J2,__,u5d1_,uVDJ_DJ,6
D1_germ_J1,D2_x_J2,uV31_x_J2,__,u5d2_u6d2_,uVDJ_DJ,6
D1_x_J1,D2_x_J2,uV31_x_J2,__,u5d3_,uVDJ_DJ,6
D1_x_J2,uV31_x_J2,__,__,u5d4_,uVDJ_DJ,6
D2_x_J1,uV31_x_J2,__,__,u5d5_,uVDJ_DJ,6
D1_germ_J1,D1_x_J1,D2_x_J2,uV31_x_J2,u6d3_u7d2_,uVDJ_DJ,6
D1_germ_J1,D1_x_J2,uV31_x_J2,__,u6d4_,uVDJ_DJ,6
D1_germ_J1,D2_x_J1,uV31_x_J2,__,u6d5_,uVDJ_DJ,6
D1_x_J1,D1_x_J1,D2_germ_J2,uV31_x_J2,u7d1_,uVDJ_DJ,6
D1_x_J1,D1_x_J1,D2_x_J2,uV31_x_J2,u7d3_,uVDJ_DJ,6
D1_x_J1,D1_x_J2,uV31_x_J2,__,u7d4_,uVDJ_DJ,6
D1_x_J1,D2_x_J1,uV31_x_J2,__,u7d5_,uVDJ_DJ,6
D1_x_J2,uV31_x_J2,uV_x_J1,__,u8d4_,uVDJ_DJ,6
D2_x_J1,uV31_x_J2,uV_x_J1,__,u8d5_,uVDJ_DJ,6
D1_x_J2,pV31_x_J2,pV_x_J1,__,p10d4_,pVDJ_DJ,7
D2_x_J1,pV31_x_J2,pV_x_J1,__,p10d5_,pVDJ_DJ,7
D1_x_J1,D2_germ_J2,pV_x_J2,__,p1d1_,pVDJ_DJ,7
D1_germ_J1,D2_x_J2,pV_x_J2,__,p1d2_,pVDJ_DJ,7
D1_x_J1,D2_x_J2,pV_x_J2,__,p1d3_,pVDJ_DJ,7
D1_x_J2,pV_x_J2,__,__,p1d4_,pVDJ_DJ,7
D2_x_J1,pV_x_J2,__,__,p1d5_,pVDJ_DJ,7
D1_x_J1,D2_germ_J2,pV_x_J1,__,p2d1_,pVDJ_DJ,7
D1_x_J1,D2_germ_J2,D2_x_J2,pV_x_J1,p2d3_p3d1_,pVDJ_DJ,7
D1_x_J2,D2_germ_J2,pV_x_J1,__,p2d4_,pVDJ_DJ,7
D2_germ_J2,D2_x_J1,pV_x_J1,__,p2d5_,pVDJ_DJ,7
D1_germ_J1,D2_x_J2,D2_x_J2,pV_x_J1,p3d2_,pVDJ_DJ,7
D1_x_J1,D2_x_J2,D2_x_J2,pV_x_J1,p3d3_,pVDJ_DJ,7
D1_x_J2,D2_x_J2,pV_x_J1,__,p3d4_,pVDJ_DJ,7
D2_x_J1,D2_x_J2,pV_x_J1,__,p3d5_,pVDJ_DJ,7
D1_germ_J1,D2_germ_J2,D2_x_J2,pV_x_J1,p3g1_p2d2_,pVDJ_DJ,7
D1_x_J1,D2_germ_J2,pV31_x_J1,__,p4d1_,pVDJ_DJ,7
D1_germ_J1,D2_x_J2,pV31_x_J1,__,p4d2_,pVDJ_DJ,7
D1_x_J1,D2_x_J2,pV31_x_J1,__,p4d3_,pVDJ_DJ,7
D1_x_J2,pV31_x_J1,__,__,p4d4_,pVDJ_DJ,7
D2_x_J1,pV31_x_J1,__,__,p4d5_,pVDJ_DJ,7
D1_x_J1,D2_germ_J2,pV31_x_J2,__,p5d1_,pVDJ_DJ,7
D1_germ_J1,D2_x_J2,pV31_x_J2,__,p5d2_p6d2_,pVDJ_DJ,7
D1_x_J1,D2_x_J2,pV31_x_J2,__,p5d3_,pVDJ_DJ,7
D1_x_J2,pV31_x_J2,__,__,p5d4_,pVDJ_DJ,7
D2_x_J1,pV31_x_J2,__,__,p5d5_,pVDJ_DJ,7
D1_germ_J1,D1_x_J1,D2_x_J2,pV31_x_J2,p6d3_p7d2_,pVDJ_DJ,7
D1_germ_J1,D1_x_J2,pV31_x_J2,__,p6d4_,pVDJ_DJ,7
D1_germ_J1,D2_x_J1,pV31_x_J2,__,p6d5_,pVDJ_DJ,7
D1_x_J1,D1_x_J1,D2_germ_J2,pV31_x_J2,p7d1_,pVDJ_DJ,7
D1_x_J1,D1_x_J1,D2_x_J2,pV31_x_J2,p7d3_,pVDJ_DJ,7
D1_x_J1,D1_x_J2,pV31_x_J2,__,p7d4_,pVDJ_DJ,7
D1_x_J1,D2_x_J1,pV31_x_J2,__,p7d5_,pVDJ_DJ,7
D1_germ_J1,D1_x_J1,D2_germ_J2,pV31_x_J2,p7g1_p6d1_,pVDJ_DJ,7
D1_x_J2,pV31_x_J2,uV_x_J1,__,p8d4_,pVDJ_DJ,7
D2_x_J1,pV31_x_J2,uV_x_J1,__,p8d5_,pVDJ_DJ,7
D1_x_J2,pV_x_J1,uV31_x_J2,__,p9d4_,pVDJ_DJ,7
D2_x_J1,pV_x_J1,uV31_x_J2,__,p9d5_,pVDJ_DJ,7
uV_x_J2,uV_x_J2,__,__,u1u1_,uVDJ_uVDJ,8
D2_germ_J2,uV_x_J1,uV_x_J2,__,u1u2_u2u1_,uVDJ_uVDJ,8
D2_x_J2,uV_x_J1,uV_x_J2,__,u1u3_u3u1_,uVDJ_uVDJ,8
uV31_x_J1,uV_x_J2,__,__,u1u4_u4u1_,uVDJ_uVDJ,8
uV31_x_J2,uV_x_J2,__,__,u1u5_u5u1_,uVDJ_uVDJ,8
D1_germ_J1,uV31_x_J2,uV_x_J2,__,u1u6_u6u1_,uVDJ_uVDJ,8
D1_x_J1,uV31_x_J2,uV_x_J2,__,u1u7_u7u1_,uVDJ_uVDJ,8
uV31_x_J2,uV_x_J1,uV_x_J2,__,u1u8_u8u1_,uVDJ_uVDJ,8
D2_germ_J2,uV_x_J1,uV_x_J1,__,u2u2_,uVDJ_uVDJ,8
D2_germ_J2,D2_x_J2,uV_x_J1,uV_x_J1,u2u3_u3u2_,uVDJ_uVDJ,8
D2_germ_J2,uV31_x_J1,uV_x_J1,__,u2u4_u4u2_,uVDJ_uVDJ,8
D2_germ_J2,uV31_x_J2,uV_x_J1,__,u2u5_u5u2_,uVDJ_uVDJ,8
D2_germ_J2,uV31_x_J2,uV_x_J1,uV_x_J1,u2u8_u8u2_,uVDJ_uVDJ,8
D2_x_J2,D2_x_J2,uV_x_J1,uV_x_J1,u3u3_,uVDJ_uVDJ,8
D2_x_J2,uV31_x_J1,uV_x_J1,__,u3u4_u4u3_,uVDJ_uVDJ,8
D2_x_J2,uV31_x_J2,uV_x_J1,__,u3u5_u5u3_,uVDJ_uVDJ,8
D2_x_J2,uV31_x_J2,uV_x_J1,uV_x_J1,u3u8_u8u3_,uVDJ_uVDJ,8
uV31_x_J1,uV31_x_J1,__,__,u4u4_,uVDJ_uVDJ,8
uV31_x_J1,uV31_x_J2,__,__,u4u5_u5u4_,uVDJ_uVDJ,8
D1_germ_J1,uV31_x_J1,uV31_x_J2,__,u4u6_u6u4_,uVDJ_uVDJ,8
D1_x_J1,uV31_x_J1,uV31_x_J2,__,u4u7_u7u4_,uVDJ_uVDJ,8
uV31_x_J1,uV31_x_J2,uV_x_J1,__,u4u8_u8u4_,uVDJ_uVDJ,8
uV31_x_J2,uV31_x_J2,__,__,u5u5_,uVDJ_uVDJ,8
D1_germ_J1,uV31_x_J2,uV31_x_J2,__,u5u6_u6u5_u6u6_,uVDJ_uVDJ,8
D1_x_J1,uV31_x_J2,uV31_x_J2,__,u5u7_u7u5_,uVDJ_uVDJ,8
uV31_x_J2,uV31_x_J2,uV_x_J1,__,u5u8_u8u5_,uVDJ_uVDJ,8
D1_germ_J1,D1_x_J1,uV31_x_J2,uV31_x_J2,u6u7_u7u6_,uVDJ_uVDJ,8
D1_germ_J1,uV31_x_J2,uV31_x_J2,uV_x_J1,u6u8_u8u6_,uVDJ_uVDJ,8
D1_x_J1,D1_x_J1,uV31_x_J2,uV31_x_J2,u7u7_,uVDJ_uVDJ,8
D1_x_J1,uV31_x_J2,uV31_x_J2,uV_x_J1,u7u8_u8u7_,uVDJ_uVDJ,8
D1_x_J1,D2_germ_J2,uV31_x_J2,uV_x_J1,u8d1_u2u7_u7u2_,uVDJ_uVDJ,8
D1_germ_J1,D2_x_J2,uV31_x_J2,uV_x_J1,u8d2_u3u6_u6u3_,uVDJ_uVDJ,8
D1_x_J1,D2_x_J2,uV31_x_J2,uV_x_J1,u8d3_u3u7_u7u3_,uVDJ_uVDJ,8
D1_germ_J1,D2_germ_J2,uV31_x_J2,uV_x_J1,u8g1_u2u6_u6u2_,uVDJ_uVDJ,8
uV31_x_J2,uV31_x_J2,uV_x_J1,uV_x_J1,u8u8_,uVDJ_uVDJ,8
pV31_x_J2,pV_x_J1,uV_x_J2,__,p10u1_,pVDJ_uVDJ,9
pV31_x_J2,pV_x_J1,uV31_x_J1,__,p10u4_,pVDJ_uVDJ,9
pV_x_J2,uV_x_J2,__,__,p1u1_,pVDJ_uVDJ,9
D2_germ_J2,pV_x_J2,uV_x_J1,__,p1u2_,pVDJ_uVDJ,9
D2_x_J2,pV_x_J2,uV_x_J1,__,p1u3_,pVDJ_uVDJ,9
pV_x_J2,uV31_x_J1,__,__,p1u4_,pVDJ_uVDJ,9
pV_x_J2,uV31_x_J2,__,__,p1u5_,pVDJ_uVDJ,9
D1_germ_J1,pV_x_J2,uV31_x_J2,__,p1u6_,pVDJ_uVDJ,9
D1_x_J1,pV_x_J2,uV31_x_J2,__,p1u7_,pVDJ_uVDJ,9
pV_x_J2,uV31_x_J2,uV_x_J1,__,p1u8_,pVDJ_uVDJ,9
D2_germ_J2,pV_x_J1,uV_x_J2,__,p2u1_,pVDJ_uVDJ,9
D2_germ_J2,pV_x_J1,uV_x_J1,__,p2u2_,pVDJ_uVDJ,9
D2_germ_J2,D2_x_J2,pV_x_J1,uV_x_J1,p2u3_p3u2_,pVDJ_uVDJ,9
D2_germ_J2,pV_x_J1,uV31_x_J1,__,p2u4_,pVDJ_uVDJ,9
D2_germ_J2,pV_x_J1,uV31_x_J2,__,p2u5_,pVDJ_uVDJ,9
D2_germ_J2,pV_x_J1,uV31_x_J2,uV_x_J1,p2u8_p9u2_,pVDJ_uVDJ,9
D2_x_J2,pV_x_J1,uV_x_J2,__,p3u1_,pVDJ_uVDJ,9
D2_x_J2,D2_x_J2,pV_x_J1,uV_x_J1,p3u3_,pVDJ_uVDJ,9
D2_x_J2,pV_x_J1,uV31_x_J1,__,p3u4_,pVDJ_uVDJ,9
D2_x_J2,pV_x_J1,uV31_x_J2,__,p3u5_,pVDJ_uVDJ,9
D2_x_J2,pV_x_J1,uV31_x_J2,uV_x_J1,p3u8_p9u3_,pVDJ_uVDJ,9
pV31_x_J1,uV_x_J2,__,__,p4u1_,pVDJ_uVDJ,9
D2_germ_J2,pV31_x_J1,uV_x_J1,__,p4u2_,pVDJ_uVDJ,9
D2_x_J2,pV31_x_J1,uV_x_J1,__,p4u3_,pVDJ_uVDJ,9
pV31_x_J1,uV31_x_J1,__,__,p4u4_,pVDJ_uVDJ,9
pV31_x_J1,uV31_x_J2,__,__,p4u5_,pVDJ_uVDJ,9
D1_germ_J1,pV31_x_J1,uV31_x_J2,__,p4u6_,pVDJ_uVDJ,9
D1_x_J1,pV31_x_J1,uV31_x_J2,__,p4u7_,pVDJ_uVDJ,9
pV31_x_J1,uV31_x_J2,uV_x_J1,__,p4u8_,pVDJ_uVDJ,9
pV31_x_J2,uV_x_J2,__,__,p5u1_,pVDJ_uVDJ,9
D2_germ_J2,pV31_x_J2,uV_x_J1,__,p5u2_,pVDJ_uVDJ,9
D2_x_J2,pV31_x_J2,uV_x_J1,__,p5u3_,pVDJ_uVDJ,9
pV31_x_J2,uV31_x_J1,__,__,p5u4_,pVDJ_uVDJ,9
pV31_x_J2,uV31_x_J2,__,__,p5u5_,pVDJ_uVDJ,9
D1_germ_J1,pV31_x_J2,uV31_x_J2,__,p5u6_p6u5_p6u6_,pVDJ_uVDJ,9
D1_x_J1,pV31_x_J2,uV31_x_J2,__,p5u7_p7u5_,pVDJ_uVDJ,9
pV31_x_J2,uV31_x_J2,uV_x_J1,__,p5u8_p8u5_,pVDJ_uVDJ,9
D1_germ_J1,pV31_x_J2,uV_x_J2,__,p6u1_,pVDJ_uVDJ,9
D1_germ_J1,pV31_x_J2,uV31_x_J1,__,p6u4_,pVDJ_uVDJ,9
D1_germ_J1,D1_x_J1,pV31_x_J2,uV31_x_J2,p6u7_p7u6_,pVDJ_uVDJ,9
D1_germ_J1,pV31_x_J2,uV31_x_J2,uV_x_J1,p6u8_p8u6_,pVDJ_uVDJ,9
D1_x_J1,pV31_x_J2,uV_x_J2,__,p7u1_,pVDJ_uVDJ,9
D1_x_J1,pV31_x_J2,uV31_x_J1,__,p7u4_,pVDJ_uVDJ,9
D1_x_J1,D1_x_J1,pV31_x_J2,uV31_x_J2,p7u7_,pVDJ_uVDJ,9
D1_x_J1,pV31_x_J2,uV31_x_J2,uV_x_J1,p7u8_p8u7_,pVDJ_uVDJ,9
pV31_x_J2,uV_x_J1,uV_x_J2,__,p8u1_,pVDJ_uVDJ,9
D2_germ_J2,pV31_x_J2,uV_x_J1,uV_x_J1,p8u2_,pVDJ_uVDJ,9
D2_x_J2,pV31_x_J2,uV_x_J1,uV_x_J1,p8u3_,pVDJ_uVDJ,9
pV31_x_J2,uV31_x_J1,uV_x_J1,__,p8u4_,pVDJ_uVDJ,9
pV31_x_J2,uV31_x_J2,uV_x_J1,uV_x_J1,p8u8_,pVDJ_uVDJ,9
pV_x_J1,uV31_x_J2,uV_x_J2,__,p9u1_,pVDJ_uVDJ,9
pV_x_J1,uV31_x_J1,uV31_x_J2,__,p9u4_,pVDJ_uVDJ,9
pV_x_J1,uV31_x_J2,uV31_x_J2,__,p9u5_,pVDJ_uVDJ,9
D1_germ_J1,pV_x_J1,uV31_x_J2,uV31_x_J2,p9u6_,pVDJ_uVDJ,9
D1_x_J1,pV_x_J1,uV31_x_J2,uV31_x_J2,p9u7_,pVDJ_uVDJ,9
pV_x_J1,uV31_x_J2,uV31_x_J2,uV_x_J1,p9u8_,pVDJ_uVDJ,9
pV31_x_J2,pV31_x_J2,pV_x_J1,pV_x_J1,p10p10_,pVDJ_pVDJ,10
pV_x_J2,pV_x_J2,__,__,p1p1_,pVDJ_pVDJ,10
pV31_x_J2,pV_x_J1,pV_x_J2,__,p1p10_p10p1_,pVDJ_pVDJ,10
D2_germ_J2,pV_x_J1,pV_x_J2,__,p1p2_p2p1_,pVDJ_pVDJ,10
D2_x_J2,pV_x_J1,pV_x_J2,__,p1p3_p3p1_,pVDJ_pVDJ,10
pV31_x_J1,pV_x_J2,__,__,p1p4_p4p1_,pVDJ_pVDJ,10
pV31_x_J2,pV_x_J2,__,__,p1p5_p5p1_,pVDJ_pVDJ,10
D1_germ_J1,pV31_x_J2,pV_x_J2,__,p1p6_p6p1_,pVDJ_pVDJ,10
D1_x_J1,pV31_x_J2,pV_x_J2,__,p1p7_p7p1_,pVDJ_pVDJ,10
pV31_x_J2,pV_x_J2,uV_x_J1,__,p1p8_p8p1_,pVDJ_pVDJ,10
pV_x_J1,pV_x_J2,uV31_x_J2,__,p1p9_p9p1_,pVDJ_pVDJ,10
D2_germ_J2,pV31_x_J2,pV_x_J1,pV_x_J1,p2p10_p10p2_,pVDJ_pVDJ,10
D2_germ_J2,pV_x_J1,pV_x_J1,__,p2p2_,pVDJ_pVDJ,10
D2_germ_J2,D2_x_J2,pV_x_J1,pV_x_J1,p2p3_p3p2_,pVDJ_pVDJ,10
D2_germ_J2,pV31_x_J1,pV_x_J1,__,p2p4_p4p2_,pVDJ_pVDJ,10
D2_germ_J2,pV31_x_J2,pV_x_J1,__,p2p5_p5p2_,pVDJ_pVDJ,10
D2_germ_J2,pV_x_J1,pV_x_J1,uV31_x_J2,p2p9_p9p2_,pVDJ_pVDJ,10
D2_x_J2,pV31_x_J2,pV_x_J1,pV_x_J1,p3p10_p10p3_,pVDJ_pVDJ,10
D2_x_J2,D2_x_J2,pV_x_J1,pV_x_J1,p3p3_,pVDJ_pVDJ,10
D2_x_J2,pV31_x_J1,pV_x_J1,__,p3p4_p4p3_,pVDJ_pVDJ,10
D2_x_J2,pV31_x_J2,pV_x_J1,__,p3p5_p5p3_,pVDJ_pVDJ,10
D2_x_J2,pV_x_J1,pV_x_J1,uV31_x_J2,p3p9_p9p3_,pVDJ_pVDJ,10
pV31_x_J1,pV31_x_J2,pV_x_J1,__,p4p10_p10p4_,pVDJ_pVDJ,10
pV31_x_J1,pV31_x_J1,__,__,p4p4_,pVDJ_pVDJ,10
pV31_x_J1,pV31_x_J2,__,__,p4p5_p5p4_,pVDJ_pVDJ,10
D1_germ_J1,pV31_x_J1,pV31_x_J2,__,p4p6_p6p4_,pVDJ_pVDJ,10
D1_x_J1,pV31_x_J1,pV31_x_J2,__,p4p7_p7p4_,pVDJ_pVDJ,10
pV31_x_J1,pV31_x_J2,uV_x_J1,__,p4p8_p8p4_,pVDJ_pVDJ,10
pV31_x_J1,pV_x_J1,uV31_x_J2,__,p4p9_p9p4_,pVDJ_pVDJ,10
pV31_x_J2,pV31_x_J2,pV_x_J1,__,p5p10_p10p5_,pVDJ_pVDJ,10
pV31_x_J2,pV31_x_J2,__,__,p5p5_,pVDJ_pVDJ,10
D1_germ_J1,pV31_x_J2,pV31_x_J2,__,p5p6_p6p5_p6p6_,pVDJ_pVDJ,10
D1_x_J1,pV31_x_J2,pV31_x_J2,__,p5p7_p7p5_,pVDJ_pVDJ,10
pV31_x_J2,pV31_x_J2,uV_x_J1,__,p5p8_p8p5_,pVDJ_pVDJ,10
D1_germ_J1,pV31_x_J2,pV31_x_J2,pV_x_J1,p6p10_p10p6_,pVDJ_pVDJ,10
D1_germ_J1,D1_x_J1,pV31_x_J2,pV31_x_J2,p6p7_p7p6_,pVDJ_pVDJ,10
D1_germ_J1,pV31_x_J2,pV31_x_J2,uV_x_J1,p6p8_p8p6_,pVDJ_pVDJ,10
D1_x_J1,pV31_x_J2,pV31_x_J2,pV_x_J1,p7p10_p10p7_,pVDJ_pVDJ,10
D1_x_J1,D1_x_J1,pV31_x_J2,pV31_x_J2,p7p7_,pVDJ_pVDJ,10
D1_x_J1,pV31_x_J2,pV31_x_J2,uV_x_J1,p7p8_p8p7_,pVDJ_pVDJ,10
pV31_x_J2,pV31_x_J2,pV_x_J1,uV_x_J1,p8p10_p10p8_,pVDJ_pVDJ,10
pV31_x_J2,pV31_x_J2,uV_x_J1,uV_x_J1,p8p8_,pVDJ_pVDJ,10
pV31_x_J2,pV_x_J1,pV_x_J1,uV31_x_J2,p9p10_p10p9_,pVDJ_pVDJ,10
pV_x_J1,pV_x_J1,uV31_x_J2,uV31_x_J2,p9p9_,pVDJ_pVDJ,10
pV31_x_J2,pV_x_J1,uV31_x_J2,__,p10u5_p5p9_p9p5_,pVDJ_pVDJ,11
D1_germ_J1,pV31_x_J2,pV_x_J1,uV31_x_J2,p10u6_p6p9_p9p6_,pVDJ_pVDJ,11
D1_x_J1,pV31_x_J2,pV_x_J1,uV31_x_J2,p10u7_p7p9_p9p7_,pVDJ_pVDJ,11
pV31_x_J2,pV_x_J1,uV31_x_J2,uV_x_J1,p10u8_p8p9_p9p8_,pVDJ_pVDJ,11
D1_germ_J1,D2_germ_J2,pV_x_J1,uV31_x_J2,p9g1_p2u6_,pVDJ_pVDJ,11
D1_x_J1,D2_germ_J2,pV31_x_J2,pV_x_J1,p10d1_p2p7_p7p2_,pVDJ_pVDJ,11
D1_germ_J1,D2_x_J2,pV31_x_J2,pV_x_J1,p10d2_p3p6_p6p3_,pVDJ_pVDJ,11
D1_x_J1,D2_x_J2,pV31_x_J2,pV_x_J1,p10d3_p3p7_p7p3_,pVDJ_pVDJ,11
D1_germ_J1,D2_germ_J2,pV31_x_J2,pV_x_J1,p10g1_p2p6_p6p2_,pVDJ_pVDJ,11
D2_germ_J2,pV31_x_J2,pV_x_J1,uV_x_J1,p10u2_p2p8_p8p2_,pVDJ_pVDJ,11
D2_x_J2,pV31_x_J2,pV_x_J1,uV_x_J1,p10u3_p3p8_p8p3_,pVDJ_pVDJ,11
D1_germ_J1,D2_germ_J2,D2_x_J2,uV_x_J1,u3g1_u2d2_,uVDJ_,12
D1_germ_J1,D1_x_J1,D2_germ_J2,uV31_x_J2,u7g1_u6d1_,uVDJ_,12
D1_germ_J1,D2_germ_J2,pV31_x_J2,uV_x_J1,p8g1_p6u2_,pVDJ_,13
D1_x_J1,D2_germ_J2,pV31_x_J2,uV_x_J1,p8d1_p7u2_,pVDJ_,14
D1_germ_J1,D2_x_J2,pV31_x_J2,uV_x_J1,p8d2_p6u3_,pVDJ_,14
D1_x_J1,D2_x_J2,pV31_x_J2,uV_x_J1,p8d3_p7u3_,pVDJ_,14
D1_x_J1,D2_germ_J2,pV_x_J1,uV31_x_J2,p9d1_p2u7_,pVDJ_,15
D1_germ_J1,D2_x_J2,pV_x_J1,uV31_x_J2,p9d2_p3u6_,pVDJ_,15
D1_x_J1,D2_x_J2,pV_x_J1,uV31_x_J2,p9d3_p3u7_,pVDJ_,15